{
  "accuracy": 0.7953091684434968,
  "precision": 0.6369426751592356,
  "recall": 0.5347593582887701,
  "f1_score": 0.5813953488372093,
  "roc_auc": 0.8372128839214996
}