{
  "0": {
    "precision": 0.8298714144411474,
    "recall": 0.8121974830590513,
    "f1-score": 0.8209393346379648,
    "support": 1033.0
  },
  "1": {
    "precision": 0.8161137440758294,
    "recall": 0.8334946757018393,
    "f1-score": 0.8247126436781609,
    "support": 1033.0
  },
  "accuracy": 0.8228460793804453,
  "macro avg": {
    "precision": 0.8229925792584885,
    "recall": 0.8228460793804453,
    "f1-score": 0.8228259891580628,
    "support": 2066.0
  },
  "weighted avg": {
    "precision": 0.8229925792584883,
    "recall": 0.8228460793804453,
    "f1-score": 0.8228259891580628,
    "support": 2066.0
  }
}