{
  "0": {
    "precision": 0.8225806451612904,
    "recall": 0.7899322362052275,
    "f1-score": 0.8059259259259259,
    "support": 1033.0
  },
  "1": {
    "precision": 0.797951582867784,
    "recall": 0.829622458857696,
    "f1-score": 0.8134788799240626,
    "support": 1033.0
  },
  "accuracy": 0.8097773475314618,
  "macro avg": {
    "precision": 0.8102661140145372,
    "recall": 0.8097773475314618,
    "f1-score": 0.8097024029249943,
    "support": 2066.0
  },
  "weighted avg": {
    "precision": 0.8102661140145371,
    "recall": 0.8097773475314618,
    "f1-score": 0.8097024029249944,
    "support": 2066.0
  }
}