{
  "0": {
    "precision": 0.8505050505050505,
    "recall": 0.8151016456921588,
    "f1-score": 0.8324270884824518,
    "support": 1033.0
  },
  "1": {
    "precision": 0.8224907063197026,
    "recall": 0.856727976766699,
    "f1-score": 0.8392603129445235,
    "support": 1033.0
  },
  "accuracy": 0.8359148112294289,
  "macro avg": {
    "precision": 0.8364978784123765,
    "recall": 0.8359148112294289,
    "f1-score": 0.8358437007134877,
    "support": 2066.0
  },
  "weighted avg": {
    "precision": 0.8364978784123765,
    "recall": 0.8359148112294289,
    "f1-score": 0.8358437007134877,
    "support": 2066.0
  }
}