{
  "accuracy": 0.8097773475314618,
  "precision": 0.797951582867784,
  "recall": 0.829622458857696,
  "f1_score": 0.8134788799240626,
  "roc_auc": 0.9021112578238555
}