{
  "accuracy": 0.8228460793804453,
  "precision": 0.8161137440758294,
  "recall": 0.8334946757018393,
  "f1_score": 0.8247126436781609,
  "roc_auc": 0.9213045959615364
}