{
  "accuracy": 0.8359148112294289,
  "precision": 0.8224907063197026,
  "recall": 0.856727976766699,
  "f1_score": 0.8392603129445235,
  "roc_auc": 0.9215060786869698
}