{
  "best_model": "rf",
  "metrics": {
    "logreg": {
      "accuracy": 0.8097773475314618,
      "precision": 0.797951582867784,
      "recall": 0.829622458857696,
      "f1_score": 0.8134788799240626,
      "roc_auc": 0.9021112578238555
    },
    "rf": {
      "accuracy": 0.8359148112294289,
      "precision": 0.8224907063197026,
      "recall": 0.856727976766699,
      "f1_score": 0.8392603129445235,
      "roc_auc": 0.9215060786869698
    },
    "xgb": {
      "accuracy": 0.8228460793804453,
      "precision": 0.8161137440758294,
      "recall": 0.8334946757018393,
      "f1_score": 0.8247126436781609,
      "roc_auc": 0.9213045959615364
    }
  }
}